"CNT","Country","GNI","StudentTeacherRatio","TeacherMasters","ClassSize","ExtraCur","MaterialShortages","StaffShortages","StudentBehaviour","TeacherBehaviour","Attitude","Bullying","Discipline","SocioEcoStatus","ParentEducation","Competitiveness","Cooperation","TeacherFeedback","TeacherEngagment","TeacherInterest","TeacherSupport","TruantDay","TruantClass","PositiveAffect","LearningTime","Spending"
"AUS","Australia",0.567178839684831,-0.071288055095849,-0.0678425028014058,-0.419827123047345,1.18302336357405,-1.37369667382385,-0.686553799023488,0.158523584738474,0.609446493893013,0.521086458658621,1.02702597497486,-1.12971334843088,1.16255590851835,0.664737615600362,1.05432770518992,-0.0635662554362803,1.13551915340697,0.154027195139444,0.532086160201851,0.350099759527795,-0.404722217734067,-0.573718596313268,NA,-0.687890552307144,0.639745171007159
"AUT","Austria",0.78575547778181,NA,NA,-0.879633965684776,-1.28297004254734,-0.66220772211616,-0.305196642821698,0.15932799152684,-0.63427813852139,-0.0888183231894164,-0.458465395848138,0.574953640993081,0.63414547341031,-0.163771188760982,-0.403442126702356,1.54097970504264,-0.538916241631903,-1.16130187057238,-0.799072289337111,-2.18412695513102,-0.420466504517919,-0.384220156059792,0.122949876523993,0.795073890314588,1.27482872953678
"BEL","Belgium",0.637539700329382,-0.921681723759987,-0.905725391194154,-1.24611126350295,-1.54998045902694,-0.316727725219489,0.880782897368576,0.668351155817233,1.17982670333807,-0.434329645307642,-0.806274642029532,-1.07163043730106,0.746760799256974,0.676492044601973,-1.3920005516631,-0.154705344468926,-1.7840853084125,-1.34908510633462,-0.372703240786653,-1.27676252510409,-0.53706864758978,-0.547866245614461,NA,0.266621774727624,0.75501725972104
"CAN","Canada",0.464760072119389,NA,NA,NA,1.3192792005207,-1.25977582327662,0.143622938644385,0.898561472955761,0.308146515493561,0.875615418746537,0.31726493307266,-0.832044398585683,1.2753796291191,1.27241729886198,NA,NA,NA,0.357719345887271,NA,NA,-0.311936959036364,-0.279204536864946,-0.779510221513154,0.217396482925809,0.4251185231549
"CHL","Chile",-0.509467229112862,1.07241848043442,1.05559386363092,0.940162350217714,0.692479801282344,-0.896014892432868,-0.499701760393737,-0.0755431801819372,1.27068964636301,0.485787513685147,-0.373658075038693,-0.823376013252998,-0.0178358539769418,0.0508110031113595,-0.176771536811846,-0.689892670552831,0.22634849099521,0.506345532420516,1.08098459254266,0.903341190651908,-0.31781053681037,-0.267115597499543,0.412866326265892,2.00596404478455,-0.472730839452769
"COL","Colombia",-0.913729925478894,2.24598382168845,2.22018894563399,1.46998811558525,-0.63839852606584,1.25155727442644,0.915785924529613,0.382484663843876,0.543820764021683,-0.564750028573266,0.28700828943316,-0.0723921042914921,-1.4168548006981,-1.42052376333441,0.274239624494868,-0.64184996968243,0.586128009053412,0.253007659779342,1.16842914817073,0.648917461780888,0.722372326530423,0.700662886604695,0.627407059275189,0.222271166454943,-0.863838379104708
"CZE","Czech Republic",0.0459255998802247,-0.178399210201395,-0.179009211323305,-0.513513532797137,-1.50123579696421,0.0514609077783808,0.384160002829233,0.0234578558918346,-1.00708665410134,-1.3783004037135,-0.40466165412374,-0.396581892891086,0.402902838905952,-0.213353106448789,-2.29704539537448,-0.968323848934357,-1.48657709934723,-1.47568246624588,-1.82986197287161,-1.44595099244984,-0.588216592984855,-0.637188803413494,-1.04069324743091,-0.765336347959751,-0.101951736268142
"EST","Estonia",-0.0606565322203976,-0.465182308724066,-0.463732984145419,-1.01928294371518,0.356314933429828,-0.0527943868548231,0.961054018081856,0.0468247399505923,-0.309140756110011,-0.770901230278959,-0.0190769799978376,0.117204177559625,0.751919941634552,0.777692849016858,-1.45230582589796,-0.599746964310882,-1.00129988968548,-1.09168927879454,-0.956295860663685,-1.03380233466593,-0.677555113709563,-0.59941897992472,-1.27728922487424,-0.613465487242975,-0.19620955659041
"FIN","Finland",0.505977381017677,-0.573061874576397,-0.583865684335937,-1.27524111481107,-1.05347289370989,-0.0987419583786763,0.271145200449393,0.629404766429021,-0.130356926195421,0.143072359315224,-0.478767921834246,-0.807241866259483,1.12169890496638,1.35103334829801,0.151996741447417,0.269433777100133,-1.05331393177016,-1.46346844148127,-1.21816262117333,0.197523397518365,-0.645773949155649,-0.634804615377061,-1.00124696900146,-1.27930023410885,0.705956646674532
"FRA","France",0.413550688336668,-0.35207918005894,-0.332835300487645,0.336818255596459,0.0776041055583743,-0.8596358566778,0.157822532687508,0.256687754747163,0.395822045470676,-0.029695163741965,-0.563048705566942,-1.62126023403829,0.358946868553977,0.46155928283533,-0.947548475510372,-1.84019308355057,-1.16224128825819,-0.71878635362049,-0.320573345028508,-1.28435725013731,-0.0287066264037639,0.0428642973473031,0.749589974493087,-0.0154864718272444,0.341276593510993
"DEU","Germany",0.754946580221474,0.0752516333539381,0.0637279020276052,-0.396447814466854,0.587642953689077,0.284268897640896,0.974311219216422,0.333247607577711,0.866786491578797,0.122923415573324,-0.40881961861702,-0.336545177556359,0.4024959900075,-0.37102859719847,-1.86146090006345,0.248803921724328,-0.717542093578766,-0.947230903382298,-1.06533534987014,-1.4831190070992,-0.0140642616845877,0.0186929218873125,-0.0940097879491897,-0.377344277108331,0.472210454170284
"GRC","Greece",-0.281314852584967,-0.86446809379737,-0.852379242355567,-0.725497477930676,-0.455203850216415,1.06206781214326,0.280903603386572,-0.540849094353691,-0.873528306167957,-1.01925144208553,-0.337515481893504,-1.32989239439554,0.397428322830422,0.588831803087358,-0.445803646723691,-0.178556990218716,-0.824015676368747,-0.49760100302961,-1.60619327915816,-1.22118201822336,-0.244691956933547,-0.0083948776029194,-0.664079682686056,0.18833107672087,-0.228800087505557
"HUN","Hungary",-0.273404459968124,-0.657029215976219,-0.645199567448624,-0.124407350991806,-0.459774157961346,0.493086382922303,0.128070957727088,-0.777307312065296,-1.2730720703213,0.484755847543795,-0.81782534656564,-0.204524322286539,0.443731668544213,0.327785128359435,-1.01878733261003,-0.5991972630627,-0.669527353791064,-0.250307036567464,-0.602455467139409,-1.14961777052222,-0.637819490536096,-0.616474736554514,0.460330411040356,-0.40348184679784,-0.417030306077491
"ISL","Iceland",0.781175776793111,-0.928744896198085,-0.897106556009382,-1.71834102417206,0.108080165522428,-1.01211765504692,-0.563299388124861,-0.657007282359658,-0.00167786112555785,0.879427561928472,-1.08097439152546,-0.50600686198489,1.57884971513376,1.17741271473573,0.111642427529152,1.30013631001601,-1.22751965084287,-1.33758692299972,-0.246177311464887,0.207656445335608,-0.463897437468372,-0.338390885837278,-0.864726170923411,-0.0502990753026727,0.834570730673694
"IRL","Ireland",1.27495081066553,-0.189161506163006,-0.171325172432546,-0.499435079426106,-0.647556359695716,0.0735804436357926,0.307705604387702,0.245345317466902,0.446061870086786,0.548768006468342,0.186602284546031,-0.314808588704751,0.800065254390144,0.671733263225898,0.543473576909532,-0.872769445733739,0.925355881615842,-0.331508176286228,0.178523210666112,0.00813831174027579,-0.347211506145283,-0.408995014143914,-0.877143194880387,0.697901823172395,0.303894363448198
"ISR","Israel",0.062995394474465,-0.473437142056907,-0.466430176625387,0.375398227199393,-0.253820904372175,0.403969167091476,0.825836081751868,0.652549208510873,1.02684442230049,0.685498284984045,NA,-0.508165772899967,1.21435002013283,0.842953979215968,-0.567429062854559,0.207358791875644,-0.917389809646751,-1.01927171521672,-0.850641974220636,-0.902693832744116,0.154035007739748,0.184814409068693,NA,0.90283926536338,0.105597688049134
"ITA","Italy",0.244101751754819,-1.00688261869928,-1.08701910329599,-0.903424484055129,-0.501147533495949,0.297598662111074,1.15234316933274,0.0713589083604011,0.593909416955194,-0.0648449698797263,-0.645350042815527,-0.532356097560659,0.159294130268258,-0.334414589529349,-1.18252886507937,-1.33683230734733,-0.673441407675784,-1.58976854977417,-1.03233736403712,-0.763164202641078,0.473906882532777,0.364058959723276,NA,0.890091770432381,0.263008204798901
"JPN","Japan",0.331116070540093,-0.330853518356891,NA,1.35284282403355,0.851162684719485,1.36852509655082,2.30001237203938,-0.623888731405763,1.03604040457376,0.836540566612424,-1.48321915416069,2.11690911335881,0.363501572533127,0.813452637926974,-1.67702231699426,0.415599607560107,-1.63782581826176,-0.0423291498761505,-1.64497607853145,-0.30820948271382,-1.0031827234936,-1.05648916842553,-1.0577770395998,0.311894352979027,0.461922705927136
"KOR","Korea",0.152507731980847,-0.0990453583830585,-0.0945154041465976,-0.150236910815087,1.19358839495601,0.650277915908604,0.455161180950903,-0.0510920792956178,-0.390715539653579,0.426899195780901,NA,3.05890864572998,0.725301265205744,1.24738112100053,1.80725827462045,0.635683877143723,0.338430655735883,0.849494490035745,1.62659532409563,0.0640066034153425,-1.00510510816183,-1.07211071929851,-0.295750594065927,1.16535769273332,0.746481560781572
"LVA","Latvia",-0.276735151596269,-0.694439895422232,-0.751228047191619,-1.06233326310326,0.772687089142362,-0.656713805463431,-0.216552065201442,0.307374942691512,-1.1454100961374,-1.46588537821398,1.14560003442995,-0.0363606208088326,0.543236863916761,0.726904266877728,-0.586264998049148,-1.1876355358759,0.0639489308052412,-0.180639612376302,-1.47231365773482,-0.380296949509527,-0.466692686365859,-0.3703055587539,-0.29893708031365,-0.678812761532603,-0.172786531094463
"LTU","Lithuania",-0.0877184016990712,-0.842802051753457,-0.831125263609187,-0.927138963144813,0.627026564929559,-0.134597181126476,-1.02169740064763,-0.434938763483162,-1.35627765616719,-1.12715063053273,-0.192902162080327,0.486923651605771,0.627058402147278,0.923330505381472,0.122510125052869,0.785031765312255,0.180467677186366,0.318949862813686,-0.961538600373009,-0.509398252593398,-0.451002144429082,-0.344143148316189,-0.133033863416457,-1.0025246421007,-0.414474222680707
"LUX","Luxembourg",1.48936408422732,-0.951599469148338,-0.954636086033011,-0.831613112294382,0.90123196911563,-1.12759939067267,0.409993968179428,0.0797430143823391,-0.191938181307251,0.159535103642999,-0.531393111817726,-0.500550368692597,0.590951370962692,-0.0652599148495379,-0.838455135207828,-0.30274189367262,-0.660178924817314,-0.918109260177113,-1.26492816735424,-1.39092540810641,-0.580867387506761,-0.587412585942039,-0.110897019977082,0.0468896146590692,2.61892559567373
"MEX","Mexico",-0.711390409069119,3.70615999079365,3.70938187746213,2.05832801922011,-0.191406752622224,0.859633683472097,0.0651172920083206,0.230370761262082,-0.176096927338089,0.930683168779432,-0.414358171385825,-0.539275598142081,-1.4416465665541,-1.32962702216747,-0.189623414552522,-0.262221890506021,-0.184044190521282,-0.298543758010817,0.748811465495563,0.930460459528963,-0.00252813960297504,-0.0195573678656457,1.24965006229151,0.544721124204572,-0.885276314288125
"NLD","Netherlands",0.851952973891181,0.724655869257721,0.753125044676045,-0.382680801863679,-0.163563381032259,-1.29728694572683,0.102223440421409,0.856296495556067,2.00046117789123,0.320541886104184,-1.50824901367982,-1.12490497370558,1.04923445579339,0.995794653489457,-2.0090971215514,0.741104442540724,-0.983382442833914,-2.24148362023478,-1.38605119054742,-2.1018503411287,0.0983878150200841,0.185355849681865,-0.0750474479619363,-0.0495213793675292,0.531234403759607
"NZL","New Zealand",0.124196853141619,0.0537607332107471,0.0626224604570101,-0.488761647335512,1.55906533641268,-0.879234602035288,-0.0330029170702397,0.630098860522452,0.463436910805069,0.552947795875954,1.21551137775086,-0.966680481217229,0.898188472128568,0.0580418363140157,1.11478452009718,-0.171115652703988,1.67713627841742,0.0747874059916674,0.628356522755859,0.313627435278754,-0.491425205900861,-0.577092272011503,NA,-0.816204078277673,0.202303417901851
"NOR","Norway",1.3274092038088,NA,NA,-0.62830688911255,-2.53350007825811,-0.426941752997751,-0.753529751203948,0.599237174534126,0.68794034807453,-0.324626036798737,-0.858205004547626,-0.333275154552845,1.55967438187924,0.776612781558229,1.41215631978857,2.72275016295756,0.171639972753631,-1.53860468081571,-0.0771145350469163,-0.826805822552721,-0.580470356110372,-0.557866771098613,NA,-0.806444598084297,1.21058608171635
"POL","Poland",-0.267159413165353,-1.14087918771365,-1.12558627116111,-0.510108511516702,0.42400910221487,-0.664622897641938,-2.27059817851269,-0.420019174122907,-1.22717443271654,-1.94601635501736,-0.0825054364413836,-0.330814666024897,0.300325391334708,-0.170854305406628,0.492914384257937,-0.0847110165099238,-0.135890136661672,-0.137396382098048,-1.69043184449669,-1.49163267592759,-0.527723481148619,-0.441782592427469,-0.76372150836818,0.462745749603874,-0.129742799780785
"PRT","Portugal",-0.155997580076032,-0.760983716408163,-0.750785736241164,-0.387738203378403,-1.11089692467538,0.931503134482323,2.11798438235319,0.932773561730582,1.07787456636339,1.82273455680488,-1.33446111265126,-0.417121930127446,-0.120769723007044,-1.08064688151202,0.57124587699102,-0.36846297185939,-0.42394303528015,-0.124952863458698,-0.0162703819800283,1.15658264918138,-0.426868292633491,-0.349772460488769,0.616637811577126,0.995298338698309,0.157841883647009
"SVK","Slovak Republic",-0.140176794842346,-0.171713275346611,-0.167305591549372,-1.11992922398692,-0.452463268248968,0.653373633083909,-0.831383830620675,-0.292882670315749,-1.05853510496153,-1.4885589324673,-0.0778267460690828,-0.231087604137898,0.230406675476163,0.200043538103219,-0.636603168218181,-1.09325332837457,-0.953195920324545,-0.983762284885922,-1.80485214973366,-1.27697016386962,-0.0604698101410841,-0.0371935906971179,-0.531894600755191,-0.96295857262753,-0.163077413600356
"SVN","Slovenia",0.0425949082520803,-1.26186582686141,-1.23356795510115,-0.648863128694437,0.425273667540411,-0.431156452952989,-0.341650513235481,0.0104643847697172,0.325664069716685,-0.457807691558473,-0.598575580222579,-0.734317347500156,0.541670523229706,0.0473373871497668,-0.935154514382743,-0.402409788759153,-1.9661183856772,-0.918820291350887,-1.00780545256524,-2.67805378032557,-0.417958739261696,-0.332295546692976,-3.21401305360649,0.453687868876062,0.271109370447132
"ESP","Spain",0.140433974828823,-0.385177111181675,-0.342691336731352,0.1614214678015,-1.57157325535234,-0.0438358443481386,0.76483602215583,-0.387777910302499,-0.488332756786811,0.864199787660468,-1.28816669655839,-1.08006848968327,0.482390082709892,0.27258669201241,-0.510675055171341,-0.461471197760911,-1.0488593132959,-1.78834804523158,-0.13311582965908,-0.283049703774841,-0.218157020262766,-0.179580097284163,0.853798649038024,0.575354018617703,0.0999797906085193
"SWE","Sweden",0.732880748185017,-0.406442526292951,-0.399637427038552,NA,-1.74478528059259,-1.33913972312106,0.969798924719163,0.207285086101712,-0.161206619801634,0.354530319077285,-0.815768268202822,-0.283667946953376,1.24314500163437,0.929539119154782,0.158483139531438,-0.349634034217999,-0.240672769652183,-0.896240788543485,-0.476684764585304,-0.034140520006724,-0.558882548288815,-0.530789115659806,-0.673629543108745,-0.025900988766496,0.769981745880196
"TUR","Turkey",-0.365831152649133,-0.0223713017287491,-0.0206475847337536,2.39167283033073,0.150954627066434,-1.46966242241189,0.388476195408346,-0.314914088784621,-0.623337287641487,-0.439127917443439,-0.525286025873995,-0.68656462909016,-1.6307560581913,-2.02241562715788,1.09288698581876,-0.147014692928927,-0.279093481597251,-0.29935922142325,-0.965853199225187,0.230754582462027,-0.198021211715335,-0.324331159516871,-1.64983029482624,-0.529650423442456,-0.718490755605103
"GBR","United Kingdom",0.371500706531344,0.348752076069064,0.326402721737017,-0.340678066376793,1.9294881729978,-0.201293283472119,-0.241286024536842,-0.555846368328781,-0.0707127172781968,0.975159170650273,0.534167102473388,-0.245641657579665,1.0197124936745,0.467193924431129,0.993568302373244,-0.646495753970649,1.54903199592953,-0.217130527318953,0.401216657003127,0.409484117990412,-0.526322655891919,-0.592507274739361,-1.72188996207813,-0.115878828526025,0.705173459558862
"USA","United States",1.13506176228346,0.697781086828777,0.546984608638677,-0.215254950014013,1.9977840677276,-1.26779640423717,-0.294984516993839,1.0677245406847,0.409828417916663,1.30512772166999,0.249523518523946,-0.091509556786532,0.68164368373312,0.606323154029335,1.24993327675186,-0.904470979481979,0.8762203586481,0.153678653130036,0.544685521244537,-0.118578443950188,-0.686840771274576,-0.742131823473334,-1.01358641697289,1.44823029998531,0.928192066893072
"ARG","Argentina",-0.689324577032662,-0.66245055870895,-0.672318248452405,1.33995305085311,-1.11539419501515,0.441962834167448,-0.0570793089960559,0.368220152390918,0.948503678831051,0.387769094639193,0.200891492879683,-1.85178411451884,-0.940222462355747,-0.649914972103652,-1.61419780726046,-2.48167897626815,-1.17893310721421,-1.05069840920545,0.499388816582098,0.809155932360819,1.62284962471583,1.58126551920811,-0.114982863749118,-0.620770430101576,-0.593456503475687
"BLR","Belarus",-0.7155537736043,-0.847115756503323,-0.835386636568355,-0.926372363049908,-0.276080922356469,-0.386947772832795,-1.56147467216836,-2.23179421753808,-2.24918245823048,-1.50913206067026,-0.994856745409273,1.82411782975354,0.359810051669181,1.02216976927439,-1.42556504835595,-0.537528705787095,0.289479180513141,1.43614830772862,-0.122798705854177,0.791678847796901,-0.577906526954664,-0.537865928863449,0.331245368062675,-0.755004998952038,-0.525952114067479
"BIH","Bosnia and Herzegovina",-0.909566560943714,-1.09224643578692,-1.07754350838349,-0.723476460573031,1.07330105915309,1.55181561505768,-1.6278158629762,1.24449315195999,0.258638808273529,0.0524667826958663,-0.592727569994894,-0.168212029019433,-0.480162646123145,-0.855989780818179,0.749686212197999,0.0497519621971517,-1.01062827004044,-0.168122417048521,-0.668253675615966,-0.674698152664833,0.099497145870649,-0.130798195652424,1.15740676828019,-0.533211869062508,-0.896664351231281
"BRA","Brazil",-0.856691831346921,3.06168323360384,3.03996297252482,1.29828844128734,-0.695692092924858,-0.150172026551019,-0.250554340166598,1.14829082369296,0.811290380803771,1.5051647625678,0.202797158665316,-1.64761065932475,-1.54666531095357,-1.15474774000708,0.0748759889064759,-1.75915085154068,-1.1235860911312,-0.671796570776622,0.508125277041781,0.9708332145649,1.15976537150152,1.14244831233701,-0.16869542739283,-0.734399525868722,-0.710767897097307
"BRN","Brunei Darussalam",1.90486786483834,-0.871100358017021,-0.859080268435504,-0.527768190066595,0.0571548692591575,-0.252996004448499,-0.322403019078676,-0.461334749540223,0.806017793523393,0.788839613543603,2.88889647523883,-0.50155753726802,0.0684644654263189,0.116859116557627,0.80828005177578,-0.450567999270498,1.01201639759589,-0.732166386247639,0.618854842434992,0.26986909126748,-0.628870244427922,-0.589363985276917,-0.498757437941622,-1.55252654658198,0.86870629420113
"BGR","Bulgaria",-0.588154818827775,-0.369359959488924,-0.365408647935541,-0.250503098732551,-1.15417981654127,-1.18074677017203,-2.2628545952137,0.282759213493399,-0.993592462740829,-0.309334955191297,0.404025245324014,-0.447036611804616,0.15542835304539,0.353616716459066,-0.322070465225583,-1.72719763650037,0.0485193777691975,-0.673595880700737,-0.57459218317398,-0.243765434423064,0.684590246604065,0.686652626916153,0.308440326927716,-1.03575516851826,-0.845947473477965
"HRV","Croatia",-0.384982629510963,-0.750603004435325,-0.739924342656311,-0.846645953179828,-0.671694600189277,1.4681203688339,0.165166408398068,1.58399190528231,0.831276859599284,-0.247508833022383,-1.11254113589473,-0.346094990442854,0.11766949010169,0.432106124490647,-1.45209997974947,-0.149886044819839,-1.31676842512043,0.940225617208122,-0.555805412961333,-1.80253080681073,-0.283149212432907,-0.25576916304943,0.72725244219473,-0.209672681639505,-0.427008549408687
"DOM","Dominican Republic",-0.810894821459934,2.58680641545244,2.58660801811817,1.26595058835831,-0.365818367400291,0.620851825314687,0.148750970819543,-0.128256756270218,-0.165509357913032,0.769140533838403,1.68713001336561,-0.216567585207308,-1.40576674065365,-0.248360577056591,0.338127060657508,-0.440345070445486,1.34876202192628,1.1154103470134,0.99555062656974,1.55155393594731,2.86159270094622,2.9523618476393,1.37651235454533,-0.760399839716564,-0.934729680196559
"HKG","Hong Kong (China)",1.3065923811329,-0.117051703258779,-0.119137388152176,0.11676502680414,2.12562536355695,-0.783549695814041,0.302128356175053,-1.50912073357338,0.857600227152432,-1.10858880316318,0.0710036544294545,0.358329990415945,-0.417818533308474,-1.38355830417466,1.42798314167991,0.230358577511541,0.100091232288435,-0.0707025808366833,-0.220979393827125,-0.649739310463074,-0.9413386849216,-0.999440046800734,-0.715492304737932,0.684820134963779,0.331834319748549
"IDN","Indonesia",-0.989086823565662,0.687470410765321,0.705139099741974,0.602436039468637,0.264234302617636,1.29981990780535,0.935133563378938,-1.55516000312257,-1.22691367216655,1.07812556385184,1.02953535620329,0.0995227625382941,-2.00207038115413,-1.56296401082569,0.26627302904548,1.54328951201878,1.02262363530837,0.48526529937419,1.18503362643744,0.784760942205472,-0.731748374496464,-0.714523548548204,1.16920467161503,0.544215351393,-1.16436893869907
"JOR","Jordan",-1.12397983450551,1.23022710000699,1.16133594555463,0.909035246350634,-1.11597799106768,1.13458592646815,1.80195240771872,0.716935609138452,0.918170898874489,0.459487633970441,0.651260384792187,0.543418371406291,-0.792386993986822,-0.180302269361264,1.1721489966884,-0.0906255877017678,1.152989965906,1.48651934448948,0.827652287783666,1.57580327495709,0.164018011455422,0.0103181647534745,-1.45597379393011,-1.16162820559001,-1.07368485252956
"KAZ","Kazakhstan",-0.498642481321392,-0.92057236565505,-0.908506113014009,-0.169078494622072,-0.00115308829671741,0.0293925723773174,-0.9540039701499,1.99683580124397,2.55671372163326,-0.855702026852668,-0.0101617626822732,2.46825752752408,-0.0587069727932755,0.354661003117888,-0.0811552666852801,1.20120167588466,1.09203868772835,1.92481008698267,0.787943205493656,0.605055005117735,-0.00599303158161018,0.00873061378105353,1.85358877976273,0.257939880481117,-0.964072053429025
"MAC","Macao (China)",3.22132373086244,NA,NA,-0.186347738101985,2.0482636420931,-0.375111524520259,0.763996185240987,-1.25565723968356,0.0119624518036854,-1.38404802864184,0.186119293076992,-0.0558074530565581,-0.405337409270213,-1.32275200612151,0.386470234627208,0.0698691905136199,-0.927821944853958,-0.878250612287333,-1.07467731875147,-0.862582239533107,-0.970519519043694,-0.986924864031463,-0.830429466991767,0.604211194461389,1.46142872899637
"MYS","Malaysia",-0.240513880140198,-0.398252073213145,-0.391968351535102,0.881069980082062,-0.0342247919715155,-0.38779070466154,0.545369025411908,0.223447052145339,0.0477405438353468,0.579143171236033,1.09662539964382,-0.279668344373597,-0.845123515263494,-0.383885793618434,1.31238531889905,2.27697218749256,1.50130973106345,0.211973622254826,0.707592790957451,0.955086582064804,-0.692709200074869,-0.664906347332073,0.857727484817354,0.622496290434126,-0.26288499809167
"MLT","Malta",0.116702796978294,-1.28899476941292,-1.27190498588175,-1.24352577374188,0.988495579063198,-1.24346100593209,-0.0314343660236991,-0.574300856534835,0.147529588166987,0.849677783213441,0.943142942719956,-1.02160460012716,0.714455588918903,-0.328521204405794,1.18547511539935,-0.565211782424956,1.21495308055876,-0.513433504111988,0.614024114722889,0.691666779292268,0.195045610193494,0.0229890979466726,-0.614104456744149,0.550054734548343,0.17279506449286
"MDA","Moldova",-1.19933673259228,-0.190404260291812,-0.175139814235444,-0.256229976156565,-0.587703375614744,0.509145238711256,0.0590617815865142,1.0148985213329,-0.312148745473312,-0.723702203669306,-0.291495333604072,1.48350783025788,-0.528880751263256,0.101060950364511,0.156570838308246,0.485637630112191,0.0303829596344684,1.75435802547157,0.950060886559378,1.13076827025355,-0.154543412853381,-0.234141327543656,0.574144916799282,-2.08301876099807,-1.03487158561751
"MNE","Montenegro",-0.645192912959748,-0.31823623927399,-0.312923231197603,-0.444143201710892,0.781065686564881,0.669461730365003,-1.75731231112097,-0.12458073788989,-0.940491874049531,-0.903739492777892,-0.6420994656399,0.993188597804116,0.23722991679994,0.480281597040112,0.795556387254379,0.277680643146399,-0.281602437422234,0.894650587877006,0.0165449485705037,-0.125318968887274,0.341425364264314,0.286436646265105,1.41455598247068,-0.211836787529643,-1.02157082029218
"MKD","North Macedonia",-0.864185887510246,-0.46053822584036,-0.619128579141205,-0.743273486774134,0.312427508180754,0.680651087682203,-1.68775261286163,-1.65416399491167,-1.14181127242173,0.59445481326603,NA,NA,-0.067380795052076,0.05499330082498,0.628200029497677,1.75026466089088,NA,NA,NA,NA,4.15533943076288,4.1085382863881,1.32037394050704,NA,-0.861744971842851
"PAN","Panama",-0.536112762138018,0.953386837796447,0.815644435312412,1.52545124473965,0.0719930950171044,0.943705525165867,0.725176498000788,0.525315063530919,0.964114808631432,0.624102813310448,0.376519087325407,-0.859185923982875,-1.36986604796167,-1.16600509235123,-0.0455418760498692,-0.708688853315287,0.373730592485561,0.439679454015565,1.24937974488244,0.704306668390268,1.63069914238419,1.6699340980619,1.39842764158708,-0.53334338843316,-1.0530108411574
"PER","Peru",-0.945787832399785,0.524350586626412,0.519441736700311,-0.540806435671067,-0.605159315288989,1.2168364022278,0.989740621952896,-0.459070127016904,0.600905070896863,0.26472913934511,-0.728605707461819,0.271131875013933,-1.49472419178487,-0.368284821575328,0.740295762489137,0.0645884357476124,0.68476668874002,0.812019786601515,0.839669080234381,0.794320479730502,-0.0565670924015525,-0.127097010616813,1.21872839998866,1.45449662240326,-0.917978450523827
"PHL","Philippines",-1.06943975909465,2.4566109478806,2.43770849679121,2.79700019843607,0.496179490856332,1.28704503010159,-0.512328746528032,0.539363263145245,-0.445860930537641,-0.215782989890096,4.66275728896673,-1.134105353487,-2.13507691908122,-0.799040966611289,0.675827457395027,0.643809753211765,1.12313950863521,1.46707143501532,1.03082799391318,1.1765742635485,-0.101619083197929,-0.0966226713131601,0.714806689317686,2.42925229680533,-1.28623959322344
"QAT","Qatar",3.66305670804509,-0.682798001824807,-0.673062305836169,0.588798376398948,-0.201229413243346,-2.57769649720691,-1.3126927944532,-2.28462793307793,-1.67003135683802,0.704549112113305,0.762372531203127,-0.592535018099953,1.0933548442957,1.23305966692904,0.533445995712193,-0.238303841426951,0.48240324845849,0.113239692878515,-0.028269919807872,0.837277168462015,0.302341374146154,0.208541746610256,-0.383178412364031,0.608308098590889,4.91131268258423
"ROU","Romania",-0.370827190091349,0.363843324027368,0.355385858748152,-0.0922025935080182,-0.320458570150317,0.536881937630459,-0.873695242077172,0.551520827190727,-0.740386167011124,0.0796945854319725,0.840239754818083,0.759827967121555,-0.306600079825713,0.0115811962218399,0.251826876443185,0.374944149451433,-0.3854140059234,0.646814869923507,0.654799404402441,0.239895459026968,0.172957738601419,0.243662450672354,0.456880499452686,-1.1348045249786,-0.971297392262544
"RUS","Russia",-0.414542517710745,0.284379100366813,0.282381469061499,-0.723015393744887,-0.462659392028439,0.601797162982222,0.205926214856971,1.75737323701376,1.20356659486081,-1.77443892195545,1.01035185946307,1.02635051516232,0.87517280470823,1.65188116604106,-0.655256747892738,-0.298961794434951,0.454053633244111,1.04767204710069,-0.729926577343073,0.0808840792403224,-0.350643479102107,-0.227373328980305,-0.898096344061268,-0.308180083761741,-0.598064383335468
"SRB","Serbia",-0.827964616054175,-0.268394650202435,-0.263213079410993,0.253429465690391,0.76814277629057,0.363990320277697,-1.71416155058524,0.621301650691713,-0.913605475512762,-1.43489275459198,-0.747146083350669,-0.363721705698158,0.102907692550227,-0.0257623427765457,-0.316182089552106,-0.620913693482316,0.443671537602295,0.392005306094883,-0.459830282960222,-0.442734096339489,0.258406134683827,0.387159255134614,0.622308110855712,-0.000891918126404039,-0.977455351094161
"SGP","Singapore",2.4248720952824,-0.472295273870074,-0.465113295703917,0.996131368930766,1.62983054373809,-2.70319224373927,-1.5781098894019,-1.33186826124602,-0.0726966578014209,0.0688082845431707,0.680264197055023,-0.163203738546022,0.841986182836856,0.605744448192918,2.14447750833631,0.811614226646275,1.41377966908527,0.125710233485589,0.873341463071613,0.348295715775387,-0.84880759462815,-0.933571612525741,NA,0.655224684275812,0.677220127633842
"THA","Thailand",-0.758852764770177,0.803502648149815,0.795207259713637,0.924327151582787,1.40359954431378,0.554641240765018,0.275413209076356,-0.923001275809889,-1.64340382730593,-0.861706817779074,0.20590103384723,0.594711416499631,-1.41095612700622,-1.41867869191998,0.536823165865772,0.808711770282796,0.197733768125408,1.19223650454925,1.14142707327151,0.635671570153589,-0.599918417939294,-0.599128852835343,1.09051575429667,2.28990989103859,-0.919302934853736
"UKR","Ukraine",-1.14104962909975,-0.538808965910912,-0.522710154980606,NA,0.470805133551467,1.49096476883709,-0.152202745440692,0.667257859115597,-0.733395694773831,-1.63492485764241,-0.477786719446084,1.22842380359876,0.213361719899762,0.634574738265392,-1.08541394511446,0.166433396654569,-0.0312447876063185,-0.131913697743382,-0.979353710550393,NA,0.283738795206976,0.261793446062955,0.979116292215115,-1.29996071204399,-0.931496265723066
"URY","Uruguay",-0.603142931154425,-0.145058715364219,-0.141846613692031,-0.0233661242741685,-0.8860560420327,0.0564257291491905,1.09454995972752,0.434030101376998,1.53279204755936,1.26204788180026,-0.052088267036285,-0.813143532540166,-1.27068219485952,-1.54576648056298,-1.13905477022952,-1.18727897660744,-1.36802422052713,-0.781490918234166,0.00584353541002995,0.413932204894629,0.92264315510844,0.873066909848693,0.420695188009856,-1.98026119939511,-0.611043184597105
