CNT,Country,GNI,StudentTeacherRatio,TeacherMasters,ClassSize,ExtraCur,MaterialShortages,StaffShortages,StudentBehaviour,TeacherBehaviour,Attitude,Bullying,Discipline,SocioEcoStatus,ParentEducation,Competitiveness,Cooperation,TeacherFeedback,TeacherEngagment,TeacherInterest,TeacherSupport,TruantDay,TruantClass,PositiveAffect,LearningTime
AUS,Australia,0.5671788396848307,-0.07128805509584903,-0.06784250280140576,-0.4198271230473452,1.1830233635740537,-1.373696673823854,-0.6865537990234883,0.1585235847384739,0.6094464938930134,0.5210864586586209,1.0270259749748645,-1.129713348430876,1.1625559085183526,0.6647376156003622,1.054327705189925,-0.06356625543628035,1.1355191534069669,0.1540271951394437,0.5320861602018511,0.3500997595277947,-0.40472221773406697,-0.5737185963132683,NaN,-0.687890552307144
AUT,Austria,0.7857554777818101,NaN,NaN,-0.8796339656847763,-1.2829700425473447,-0.6622077221161597,-0.3051966428216975,0.15932799152684035,-0.6342781385213904,-0.08881832318941639,-0.4584653958481379,0.5749536409930811,0.6341454734103099,-0.16377118876098187,-0.40344212670235624,1.5409797050426406,-0.5389162416319031,-1.161301870572383,-0.7990722893371106,-2.18412695513102,-0.4204665045179192,-0.3842201560597916,0.12294987652399268,0.7950738903145882
BEL,Belgium,0.6375397003293822,-0.9216817237599868,-0.9057253911941539,-1.246111263502951,-1.5499804590269444,-0.3167277252194893,0.8807828973685763,0.6683511558172326,1.1798267033380716,-0.4343296453076415,-0.8062746420295318,-1.071630437301058,0.7467607992569737,0.6764920446019728,-1.3920005516631022,-0.1547053444689261,-1.784085308412495,-1.3490851063346154,-0.3727032407866533,-1.2767625251040926,-0.5370686475897802,-0.5478662456144606,NaN,0.26662177472762416
CAN,Canada,0.46476007211938897,NaN,NaN,NaN,1.3192792005206975,-1.2597758232766203,0.1436229386443848,0.8985614729557607,0.3081465154935615,0.8756154187465367,0.3172649330726599,-0.8320443985856832,1.275379629119099,1.2724172988619753,NaN,NaN,NaN,0.357719345887271,NaN,NaN,-0.3119369590363645,-0.2792045368649464,-0.7795102215131536,0.21739648292580943
CHL,Chile,-0.5094672291128619,1.0724184804344206,1.0555938636309172,0.9401623502177137,0.6924798012823439,-0.8960148924328681,-0.4997017603937372,-0.0755431801819372,1.2706896463630115,0.4857875136851471,-0.3736580750386934,-0.8233760132529983,-0.01783585397694184,0.05081100311135947,-0.17677153681184565,-0.6898926705528309,0.22634849099521048,0.506345532420516,1.0809845925426644,0.9033411906519075,-0.3178105368103701,-0.26711559749954294,0.4128663262658918,2.0059640447845504
COL,Colombia,-0.9137299254788942,2.245983821688455,2.22018894563399,1.4699881155852472,-0.6383985260658404,1.2515572744264367,0.9157859245296132,0.38248466384387564,0.5438207640216829,-0.564750028573266,0.2870082894331601,-0.07239210429149205,-1.4168548006981019,-1.4205237633344119,0.27423962449486783,-0.6418499696824305,0.5861280090534121,0.25300765977934175,1.1684291481707259,0.6489174617808882,0.7223723265304226,0.7006628866046947,0.6274070592751888,0.22227116645494321
CZE,Czech Republic,0.04592559988022471,-0.17839921020139532,-0.1790092113233048,-0.5135135327971365,-1.5012357969642123,0.05146090777838076,0.38416000282923335,0.02345785589183457,-1.007086654101338,-1.378300403713498,-0.4046616541237401,-0.39658189289108564,0.4029028389059519,-0.213353106448789,-2.2970453953744756,-0.9683238489343574,-1.4865770993472311,-1.4756824662458816,-1.8298619728716063,-1.4459509924498422,-0.5882165929848545,-0.6371888034134942,-1.0406932474309096,-0.7653363479597514
DNK,Denmark,0.8319688241223143,-0.12989613110956524,-0.14963631583727663,-0.9890009062118433,-1.530218537743746,-1.2210288802740552,-1.4331408013583506,-0.20499262667151036,-0.7612652637538668,-0.05602374129043995,-0.22438831162937034,0.09146793208641392,1.2948642780425428,1.3694989348262685,-0.964713307629521,1.2376708101446412,0.08038922511592776,-0.17609911344145243,0.27685271491029373,-0.21823830856658702,-0.20783329475229204,-0.21352054569020051,0.6769163775985714,0.26495717367853594
EST,Estonia,-0.06065653222039761,-0.4651823087240664,-0.4637329841454191,-1.0192829437151762,0.35631493342982795,-0.05279438685482308,0.9610540180818558,0.046824739950592324,-0.3091407561100109,-0.7709012302789585,-0.019076979997837615,0.11720417755962481,0.7519199416345522,0.7776928490168583,-1.4523058258979622,-0.5997469643108824,-1.0012998896854808,-1.091689278794545,-0.9562958606636852,-1.0338023346659344,-0.6775551137095627,-0.5994189799247205,-1.2772892248742407,-0.6134654872429754
FIN,Finland,0.5059773810176765,-0.5730618745763971,-0.5838656843359369,-1.2752411148110723,-1.0534728937098858,-0.09874195837867633,0.2711452004493928,0.6294047664290213,-0.1303569261954214,0.14307235931522427,-0.47876792183424566,-0.8072418662594828,1.1216989049663777,1.3510333482980108,0.15199674144741682,0.2694337771001326,-1.0533139317701634,-1.4634684414812713,-1.2181626211733252,0.1975233975183653,-0.6457739491556495,-0.634804615377061,-1.0012469690014625,-1.27930023410885
FRA,France,0.4135506883366681,-0.35207918005894,-0.3328353004876454,0.3368182555964588,0.07760410555837427,-0.8596358566778002,0.1578225326875083,0.2566877547471626,0.3958220454706756,-0.029695163741964972,-0.5630487055669416,-1.621260234038293,0.35894686855397695,0.4615592828353303,-0.9475484755103716,-1.8401930835505667,-1.1622412882581916,-0.7187863536204904,-0.3205733450285085,-1.2843572501373055,-0.028706626403763938,0.042864297347303064,0.7495899744930868,-0.015486471827244415
DEU,Germany,0.754946580221474,0.07525163335393814,0.06372790202760517,-0.3964478144668541,0.5876429536890774,0.284268897640896,0.9743112192164225,0.3332476075777115,0.8667864915787972,0.12292341557332395,-0.4088196186170205,-0.336545177556359,0.4024959900075004,-0.37102859719846987,-1.8614609000634459,0.2488039217243281,-0.7175420935787664,-0.947230903382298,-1.0653353498701423,-1.4831190070992029,-0.014064261684587739,0.018692921887312496,-0.09400978794918971,-0.3773442771083308
GRC,Greece,-0.28131485258496725,-0.8644680937973702,-0.8523792423555671,-0.7254974779306756,-0.4552038502164146,1.06206781214326,0.2809036033865725,-0.540849094353691,-0.873528306167957,-1.0192514420855283,-0.3375154818935041,-1.3298923943955436,0.3974283228304223,0.5888318030873583,-0.44580364672369105,-0.1785569902187162,-0.8240156763687473,-0.4976010030296101,-1.6061932791581588,-1.2211820182233581,-0.24469195693354737,-0.0083948776029194,-0.6640796826860561,0.1883310767208704
HUN,Hungary,-0.2734044599681242,-0.6570292159762186,-0.6451995674486238,-0.12440735099180615,-0.4597741579613463,0.49308638292230267,0.12807095772708776,-0.7773073120652965,-1.2730720703213005,0.48475584754379514,-0.8178253465656402,-0.20452432228653894,0.4437316685442135,0.32778512835943463,-1.0187873326100318,-0.5991972630626999,-0.6695273537910637,-0.2503070365674641,-0.6024554671394089,-1.1496177705222221,-0.6378194905360958,-0.6164747365545137,0.4603304110403562,-0.40348184679784005
ISL,Iceland,0.7811757767931115,-0.9287448961980852,-0.8971065560093819,-1.718341024172061,0.10808016552242822,-1.0121176550469249,-0.5632993881248609,-0.657007282359658,-0.0016778611255578546,0.8794275619284722,-1.0809743915254646,-0.5060068619848898,1.5788497151337557,1.1774127147357305,0.11164242752915154,1.300136310016006,-1.227519650842873,-1.3375869229997235,-0.24617731146488683,0.20765644533560793,-0.4638974374683717,-0.3383908858372785,-0.8647261709234105,-0.050299075302672726
IRL,Ireland,1.2749508106655258,-0.18916150616300598,-0.17132517243254566,-0.4994350794261062,-0.6475563596957161,0.07358044363579264,0.30770560438770245,0.24534531746690244,0.44606187008678644,0.5487680064683423,0.18660228454603056,-0.31480858870475054,0.8000652543901439,0.6717332632258977,0.5434735769095319,-0.8727694457337388,0.9253558816158421,-0.3315081762862277,0.17852321066611201,0.008138311740275793,-0.3472115061452825,-0.4089950141439139,-0.8771431948803873,0.6979018231723951
ISR,Israel,0.062995394474465,-0.47343714205690657,-0.46643017662538666,0.3753982271993934,-0.25382090437217475,0.4039691670914755,0.8258360817518681,0.6525492085108734,1.0268444223004891,0.685498284984045,NaN,-0.5081657728999668,1.2143500201328263,0.842953979215968,-0.5674290628545586,0.2073587918756443,-0.9173898096467512,-1.0192717152167199,-0.8506419742206356,-0.9026938327441156,0.15403500773974815,0.18481440906869254,NaN,0.9028392653633798
ITA,Italy,0.24410175175481935,-1.0068826186992788,-1.087019103295986,-0.9034244840551288,-0.5011475334959485,0.29759866211107366,1.1523431693327395,0.07135890836040105,0.5939094169551936,-0.06484496987972632,-0.6453500428155271,-0.5323560975606592,0.15929413026825806,-0.33441458952934927,-1.1825288650793653,-1.3368323073473323,-0.673441407675784,-1.5897685497741687,-1.0323373640371194,-0.7631642026410776,0.4739068825327774,0.3640589597232755,NaN,0.8900917704323811
JPN,Japan,0.331116070540093,-0.3308535183568913,NaN,1.352842824033552,0.8511626847194849,1.3685250965508176,2.300012372039375,-0.623888731405763,1.036040404573758,0.8365405666124242,-1.4832191541606856,2.1169091133588123,0.36350157253312726,0.8134526379269739,-1.6770223169942575,0.4155996075601067,-1.6378258182617609,-0.042329149876150544,-1.6449760785314531,-0.30820948271382004,-1.0031827234935955,-1.0564891684255322,-1.057777039599803,0.3118943529790268
KOR,Korea,0.15250773198084702,-0.09904535838305849,-0.09451540414659765,-0.15023691081508733,1.193588394956011,0.650277915908604,0.45516118095090274,-0.051092079295617814,-0.39071553965357914,0.4268991957809008,NaN,3.058908645729981,0.725301265205744,1.2473811210005346,1.8072582746204453,0.6356838771437233,0.33843065573588266,0.8494944900357453,1.6265953240956292,0.06400660341534249,-1.0051051081618256,-1.072110719298511,-0.2957505940659266,1.1653576927333196
LVA,Latvia,-0.27673515159626866,-0.6944398954222322,-0.7512280471916193,-1.06233326310326,0.7726870891423622,-0.6567138054634308,-0.21655206520144182,0.3073749426915125,-1.145410096137397,-1.4658853782139827,1.1456000344299464,-0.036360620808832636,0.5432368639167607,0.7269042668777284,-0.5862649980491478,-1.1876355358758983,0.0639489308052412,-0.18063961237630174,-1.4723136577348235,-0.3802969495095273,-0.4666926863658589,-0.37030555875389987,-0.2989370803136501,-0.6788127615326032
LTU,Lithuania,-0.08771840169907125,-0.8428020517534568,-0.8311252636091866,-0.9271389631448128,0.6270265649295585,-0.13459718112647578,-1.02169740064763,-0.43493876348316224,-1.356277656167195,-1.1271506305327297,-0.19290216208032668,0.486923651605771,0.6270584021472779,0.9233305053814715,0.12251012505286871,0.7850317653122549,0.180467677186366,0.3189498628136865,-0.9615386003730088,-0.5093982525933975,-0.4510021444290821,-0.3441431483161892,-0.13303386341645726,-1.002524642100699
LUX,Luxembourg,1.4893640842273246,-0.9515994691483379,-0.9546360860330112,-0.8316131122943815,0.9012319691156303,-1.1275993906726742,0.4099939681794284,0.07974301438233912,-0.19193818130725088,0.15953510364299858,-0.5313931118177261,-0.5005503686925968,0.5909513709626922,-0.06525991484953794,-0.8384551352078278,-0.30274189367261994,-0.6601789248173142,-0.9181092601771128,-1.264928167354243,-1.3909254081064142,-0.5808673875067606,-0.5874125859420388,-0.11089701997708208,0.04688961465906918
MEX,Mexico,-0.7113904090691191,3.706159990793647,3.7093818774621252,2.0583280192201077,-0.19140675262222395,0.8596336834720968,0.0651172920083206,0.23037076126208156,-0.17609692733808924,0.930683168779432,-0.4143581713858248,-0.5392755981420811,-1.4416465665541018,-1.3296270221674702,-0.18962341455252202,-0.2622218905060213,-0.18404419052128157,-0.2985437580108165,0.7488114654955628,0.9304604595289634,-0.0025281396029750406,-0.019557367865645717,1.2496500622915119,0.5447211242045721
NLD,Netherlands,0.851952973891181,0.724655869257721,0.7531250446760449,-0.38268080186367903,-0.16356338103225873,-1.2972869457268343,0.10222344042140893,0.8562964955560671,2.0004611778912325,0.320541886104184,-1.5082490136798168,-1.124904973705576,1.0492344557933884,0.9957946534894565,-2.0090971215513984,0.7411044425407236,-0.9833824428339144,-2.2414836202347845,-1.3860511905474162,-2.1018503411287037,0.09838781502008415,0.1853558496818652,-0.07504744796193631,-0.04952137936752917
NZL,New Zealand,0.12419685314161923,0.05376073321074712,0.06262246045701006,-0.48876164733551153,1.5590653364126796,-0.8792346020352882,-0.03300291707023969,0.6300988605224521,0.4634369108050693,0.5529477958759538,1.2155113777508568,-0.9666804812172293,0.8981884721285681,0.05804183631401574,1.114784520097179,-0.17111565270398796,1.6771362784174177,0.0747874059916674,0.6283565227558591,0.31362743527875436,-0.4914252059008609,-0.5770922720115026,NaN,-0.8162040782776729
NOR,Norway,1.327409203808801,NaN,NaN,-0.6283068891125504,-2.533500078258112,-0.4269417529977505,-0.7535297512039483,0.5992371745341256,0.6879403480745295,-0.32462603679873653,-0.8582050045476264,-0.33327515455284457,1.5596743818792411,0.7766127815582289,1.412156319788571,2.722750162957563,0.17163997275363072,-1.5386046808157052,-0.07711453504691627,-0.8268058225527211,-0.5804703561103723,-0.5578667710986129,NaN,-0.8064445980842971
POL,Poland,-0.26715941316535335,-1.1408791877136515,-1.1255862711611098,-0.5101085115167016,0.42400910221486976,-0.6646228976419377,-2.270598178512691,-0.4200191741229071,-1.2271744327165388,-1.9460163550173613,-0.08250543644138358,-0.33081466602489745,0.30032539133470815,-0.17085430540662822,0.4929143842579368,-0.08471101650992377,-0.13589013666167218,-0.13739638209804822,-1.6904318444966944,-1.49163267592759,-0.527723481148619,-0.44178259242746853,-0.7637215083681802,0.46274574960387377
PRT,Portugal,-0.15599758007603243,-0.760983716408163,-0.7507857362411637,-0.3877382033784033,-1.1108969246753828,0.9315031344823227,2.1179843823531943,0.9327735617305825,1.0778745663633902,1.8227345568048756,-1.3344611126512558,-0.41712193012744625,-0.12076972300704368,-1.0806468815120156,0.5712458769910197,-0.36846297185939014,-0.4239430352801502,-0.12495286345869777,-0.01627038198002834,1.1565826491813802,-0.42686829263349135,-0.34977246048876937,0.6166378115771259,0.995298338698309
SVK,Slovak Republic,-0.1401767948423463,-0.17171327534661077,-0.1673055915493722,-1.1199292239869176,-0.45246326824896826,0.6533736330839087,-0.8313838306206749,-0.29288267031574855,-1.0585351049615312,-1.4885589324673005,-0.077826746069082825,-0.2310876041378976,0.23040667547616325,0.2000435381032185,-0.6366031682181809,-1.0932533283745682,-0.9531959203245447,-0.9837622848859218,-1.8048521497336614,-1.2769701638696156,-0.060469810141084095,-0.03719359069711787,-0.5318946007551912,-0.9629585726275304
SVN,Slovenia,0.04259490825208026,-1.2618658268614107,-1.2335679551011451,-0.648863128694437,0.4252736675404113,-0.43115645295298877,-0.34165051323548146,0.010464384769717202,0.3256640697166852,-0.4578076915584727,-0.598575580222579,-0.7343173475001564,0.5416705232297064,0.04733738714976684,-0.9351545143827432,-0.40240978875915306,-1.9661183856772,-0.9188202913508872,-1.0078054525652431,-2.6780537803255724,-0.4179587392616964,-0.33229554669297573,-3.21401305360649,0.4536878688760617
ESP,Spain,0.14043397482882342,-0.3851771111816745,-0.3426913367313524,0.1614214678014999,-1.5715732553523427,-0.04383584434813855,0.7648360221558297,-0.387777910302499,-0.4883327567868111,0.8641997876604677,-1.2881666965583936,-1.0800684896832657,0.48239008270989187,0.27258669201240976,-0.5106750551713415,-0.4614711977609114,-1.0488593132958979,-1.7883480452315805,-0.13311582965908048,-0.2830497037748407,-0.21815702026276593,-0.17958009728416327,0.8537986490380242,0.575354018617703
SWE,Sweden,0.732880748185017,-0.40644252629295075,-0.39963742703855154,NaN,-1.744785280592588,-1.3391397231210576,0.9697989247191631,0.20728508610171176,-0.16120661980163384,0.3545303190772851,-0.8157682682028218,-0.2836679469533762,1.2431450016343721,0.9295391191547818,0.1584831395314382,-0.3496340342179987,-0.24067276965218282,-0.8962407885434849,-0.4766847645853038,-0.034140520006723955,-0.5588825482888151,-0.530789115659806,-0.6736295431087446,-0.02590098876649598
CHE,Switzerland,1.3486423629382218,-0.2823422715561757,-0.2584468346274039,-1.2844088305888866,-0.2015329424341628,-1.342227163529081,-1.140050843208539,-0.059537962358404334,-0.8975157020319431,-0.020041801000224777,-0.32169784493126435,-0.27733674958054433,0.5715509267076795,0.03214409132237021,-0.8141971896655369,0.49265828364865905,-0.9852005759050411,-0.703839458799078,0.008360598605357376,-1.1057662415659462,-0.22849302109024916,-0.18324509530552965,0.4655096103000559,-0.5814790020371592
TUR,Turkey,-0.36583115264913263,-0.022371301728749116,-0.020647584733753614,2.391672830330726,0.15095462706643425,-1.4696624224118877,0.3884761954083457,-0.3149140887846212,-0.6233372876414871,-0.4391279174434393,-0.5252860258739946,-0.68656462909016025,-1.6307560581913014,-2.022415627157881,1.0928869858187609,-0.14701469292892724,-0.27909348159725095,-0.2993592214232497,-0.9658531992251871,0.23075458246202663,-0.19802121171533535,-0.3243311595168705,-1.6498302948262356,-0.5296504234424564
GBR,United Kingdom,0.3715007065313445,0.3487520760690636,0.3264027217370167,-0.340678066376793,1.9294881729978033,-0.2012932834721185,-0.2412860245368423,-0.5558463683287805,-0.07071271727819677,0.9751591706502734,0.5341671024733882,-0.24564165757966488,1.019712493674496,0.4671939244311288,0.9935683023732444,-0.646495753970649,1.5490319959295265,-0.2171305273189535,0.40121665700312714,0.4094841179904117,-0.5263226558919191,-0.592507274739361,-1.721889962078127,-0.11587882852602516
USA,United States,1.1350617622834591,0.6977810868287767,0.546984608638677,-0.21525495001401293,1.9977840677276013,-1.2677964042371743,-0.2949845169938389,1.067724540684697,0.4098284179166625,1.3051277216699886,0.24952351852394625,-0.09150955678653197,0.6816436837331201,0.6063231540293346,1.2499332767518616,-0.9044709794819785,0.8762203586480998,0.1536786531300364,0.5446855212445368,-0.11857844395018756,-0.6868407712745759,-0.7421318234733341,-1.0135864169728879,1.4482302999853085
ALB,Albania,-0.9607759447264346,-0.274641507337451,-0.25338841362464554,-0.6565479997996654,0.7617998966994084,0.5941938277099905,-1.4031992953820551,-2.7218837786222094,-2.7672256096123276,2.330128649258836,-0.5669596313774258,2.220060267721568,-0.9990358321670492,-1.0583269728984042,2.1754515225864464,2.8172969810064448,2.812634648893006,2.9414078603713265,3.460426393609145,2.071020357142279,-0.5605624757234008,-0.6648419273618931,1.956397708700971,-0.9511566178376806
ARG,Argentina,-0.689324577032662,-0.6624505587089503,-0.6723182484524047,1.3399530508531068,-1.1153941950151463,0.44196283416744797,-0.057079308996055934,0.36822015239091765,0.9485036788310514,0.3877690946391928,0.20089149287968278,-1.8517841145188434,-0.9402224623557475,-0.6499149721036519,-1.6141978072604586,-2.4816789762681477,-1.1789331072142113,-1.0506984092054543,0.49938881658209777,0.8091559323608187,1.6228496247158286,1.5812655192081109,-0.11498286374911826,-0.6207704301015757
BLR,Belarus,-0.7155537736042996,-0.8471157565033226,-0.8353866365683545,-0.9263723630499084,-0.27608092235646853,-0.3869477728327948,-1.561474672168364,-2.2317942175380825,-2.249182458230479,-1.5091320606702585,-0.9948567454092726,1.824117829753544,0.35981005166918084,1.0221697692743867,-1.4255650483559472,-0.5375287057870953,0.2894791805131407,1.4361483077286237,-0.12279870585417729,0.7916788477969013,-0.5779065269546637,-0.5378659288634491,0.3312453680626753,-0.755004998952038
BIH,Bosnia and Herzegovina,-0.9095665609437137,-1.0922464357869217,-1.0775435083834912,-0.7234764605730306,1.073301059153088,1.551815615057679,-1.627815862976197,1.2444931519599947,0.2586388082735293,0.05246678269586632,-0.5927275699948938,-0.1682120290194333,-0.48016264612314513,-0.8559897808181788,0.7496862121979988,0.04975196219715171,-1.010628270040442,-0.16812241704852132,-0.6682536756159657,-0.6746981526648335,0.09949714587064903,-0.13079819565242376,1.1574067682801914,-0.5332118690625081
BRA,Brazil,-0.8566918313469206,3.0616832336038415,3.03996297252482,1.2982884412873408,-0.6956920929248582,-0.15017202655101886,-0.2505543401665982,1.148290823692962,0.8112903808037706,1.505164762567803,0.2027971586653161,-1.6476106593247546,-1.5466653109535708,-1.154747740007078,0.07487598890647587,-1.7591508515406826,-1.1235860911312026,-0.6717965707766224,0.5081252770417807,0.9708332145649003,1.159765371501518,1.1424483123370106,-0.16869542739282975,-0.7343995258687216
BRN,Brunei Darussalam,1.9048678648383446,-0.8711003580170211,-0.8590802684355038,-0.527768190066595,0.057154869259157505,-0.2529960044484993,-0.3224030190786762,-0.46133474954022347,0.8060177935233926,0.7888396135436025,2.888896475238834,-0.5015575372680195,0.06846446542631894,0.11685911655762704,0.8082800517757804,-0.450567999270498,1.012016397595891,-0.7321663862476385,0.618854842434992,0.2698690912674799,-0.6288702444279216,-0.5893639852769168,-0.4987574379416222,-1.5525265465819753
BGR,Bulgaria,-0.5881548188277745,-0.36935995948892414,-0.3654086479355412,-0.2505030987325511,-1.154179816541268,-1.1807467701720336,-2.2628545952137,0.28275921349339855,-0.9935924627408289,-0.3093349551912967,0.4040252453240142,-0.4470366118046164,0.15542835304538966,0.3536167164590659,-0.32207046522558347,-1.7271976365003734,0.048519377769197514,-0.6735958807007367,-0.5745921831739802,-0.24376543442306398,0.684590246604065,0.686652626916153,0.30844032692771617,-1.0357551685182569
CRI,Costa Rica,-0.8213032327978859,0.36471841227416096,0.3617461430881079,-0.055940959681283514,1.2081444704434174,1.5040283511477412,1.7692095712545863,1.0045881404909753,0.9453103347587494,1.802207398117938,-0.45109328213826555,-0.11309439779100378,-1.272028878819471,-0.532543298236372,-0.05128504772494597,-0.9734128775818367,-1.4895666302065487,0.055136205978026855,0.7770323482357868,1.096335831216346,-0.037772866729578615,-0.12191819515362233,1.0650419613329953,1.6016402940236931
HRV,Croatia,-0.3849826295109632,-0.7506030044353253,-0.7399243426563106,-0.8466459531798278,-0.6716946001892771,1.4681203688339004,0.16516640839806754,1.5839919052823068,0.8312768595992842,-0.2475088330223827,-1.1125411358947335,-0.3460949904428539,0.11766949010168977,0.4321061244906469,-1.4520999797494676,-0.14988604481983855,-1.3167684251204343,0.9402256172081225,-0.5558054129613335,-1.8025308068107262,-0.2831492124329072,-0.2557691630494297,0.72725244219473,-0.20967268163950548
DOM,Dominican Republic,-0.8108948214599344,2.5868064154524366,2.586608018118166,1.2659505883583146,-0.3658183674002906,0.6208518253146865,0.14875097081954272,-0.12825675627021768,-0.1655093579130316,0.7691405338384028,1.6871300133656117,-0.21656758520730832,-1.4057667406536527,-0.24836057705659073,0.33812706065750775,-0.4403450704454859,1.3487620219262753,1.1154103470134027,0.99555062656974,1.5515539359473132,2.861592700946222,2.952361847639302,1.3765123545453328,-0.7603998397165638
GEO,Georgia,-1.037798188627275,-0.53883637301143406,-0.5742593284985129,-1.0703961429052793,-1.2115967641401937,0.5291821213168659,-0.4557911931880804,-2.345945198217996,-1.378619082551692,-0.05299345129474548,-1.131508957796423,0.7582977291285038,-0.12712175077053744,1.0084804518548443,-0.6943556652693271,1.0184704634831274,0.4283641129401257,-0.12584889722302509,-0.12471914664646686,0.4080019903805392,0.4709293983333473,0.4102833603782837,-1.073165083737393,-0.767141910841924
HKG,Hong Kong (China),1.306592381132898,-0.11705170325877852,-0.11913738815217584,0.11676502680413982,2.1256253635569453,-0.7835496958140413,0.3021283561750528,-1.5091207335733818,0.857600227152432,-1.1085888031631843,0.07100365442945454,0.35832999041594454,-0.41781853330847424,-1.383558304174661,1.427983141679909,0.23035857751154096,0.10009123228843503,-0.07070258083668331,-0.22097939382712498,-0.6497393104630743,-0.9413386849216004,-0.9994400468007342,-0.7154923047379316,0.6848201349637792
IDN,Indonesia,-0.9890868235656624,0.6874704107653211,0.7051390997419741,0.6024360394686367,0.26423430261763625,1.2998199078053483,0.9351335633789378,-1.5551600031225743,-1.2269136721665457,1.078125563851843,1.0295353562032923,0.09952276253829412,-2.0020703811541303,-1.5629640108256866,0.26627302904548006,1.543289512018775,1.0226236353083733,0.48526529937418955,1.185033626437444,0.7847609422054719,-0.7317483744964643,-0.7145235485482039,1.1692046716150282,0.5442153513929998
JOR,Jordan,-1.1239798345055125,1.2302271000069922,1.1613359455546326,0.9090352463506338,-1.1159779910676788,1.1345859264681482,1.801952407718717,0.7169356091384517,0.9181708988744893,0.459487633970441,0.6512603847921873,0.5434183714062911,-0.7923869939868218,-0.18030226936126428,1.172148996688397,-0.09062558770176785,1.152989965906002,1.4865193444894824,0.8276522877836662,1.575803274957089,0.1640180114554221,0.010318164753474461,-1.455973793930115,-1.1616282055900145
KAZ,Kazakhstan,-0.49864248132139244,-0.9205723656550496,-0.9085061130140093,-0.16907849462207203,-0.001153088296717413,0.02939257237731737,-0.9540039701499005,1.9968358012439718,2.556713721633257,-0.8557020268526679,-0.010161762682273208,2.4682575275240812,-0.0587069727932755,0.35466100311788784,-0.08115526668528007,1.2012016758846562,1.0920386877283461,1.924810086982666,0.7879432054936563,0.6050550051177349,-0.00599303158161018,0.008730613781053527,1.8535887797627255,0.25793988048111693
LBN,Lebanon,-0.9749313841460484,-0.25312757288754156,-0.29156783193136104,-0.0542004836469983,-0.812451592750631,-0.2212810135058107,-0.13210705451904922,-0.3329351710872727,-0.08747876966904372,-1.0543510436006645,NaN,NaN,-0.4623358677999386,-0.9223814703360096,0.1059928878800691,-0.6039756962388487,NaN,NaN,NaN,NaN,4.155339430762879,4.108538286388102,-1.9242526671994986,NaN
MAC,Macao (China),3.221323730862437,NaN,NaN,-0.18634773810198474,2.0482636420931044,-0.37511152452025903,0.7639961852409869,-1.2556572396835628,0.011962451803685383,-1.3840480286418368,0.1861192930769917,-0.055807453056558105,-0.4053374092702132,-1.3227520061215121,0.3864702346272078,0.06986919051361988,-0.9278219448539576,-0.8782506122873331,-1.0746773187514702,-0.8625822395331065,-0.9705195190436943,-0.9869248640314633,-0.8304294669917673,0.6042111944613893
MYS,Malaysia,-0.24051388014019778,-0.3982520732131446,-0.39196835153510207,0.881069980082062,-0.03422479197151551,-0.38779070466153975,0.5453690254119082,0.22344705214533936,0.04774054383534676,0.57914317123603265,1.0966253996438156,-0.27966834437359656,-0.8451235152634945,-0.38388579361843395,1.3123853188990497,2.276972187492561,1.5013097310634527,0.2119736222548256,0.7075927909574512,0.9550865820648039,-0.6927092000748687,-0.6649063473320732,0.8577274848173544,0.6224962904341262
MLT,Malta,0.11670279697829422,-1.2889947694129222,-1.2719049858817542,-1.2435257737418757,0.9884955790631982,-1.2434610059320876,-0.031434366023699145,-0.5743008565348346,0.14752958816698666,0.849677783213441,0.9431429427199561,-1.0216046001271586,0.7144555889189034,-0.3285212044057938,1.185475115399352,-0.5652117824249562,1.214953080558756,-0.5134335041119875,0.6140241147228888,0.6916667792922682,0.19504561019349395,0.02298909794667256,-0.614104456744149,0.550054734548343
MDA,Moldova,-1.1993367325922806,-0.19040426029181182,-0.17513981423544428,-0.2562299761565652,-0.5877033756147435,0.5091452387112564,0.05906178158651425,1.0148985213329,-0.31214874547331156,-0.7237022036693064,-0.29149533360407204,1.4835078302578766,-0.5288807512632558,0.10106095036451113,0.15657083830824645,0.4856376301121911,0.030382959634468354,1.754358025471574,0.9500608865593777,1.1307682702535466,-0.1545434128533814,-0.23414132754365563,0.5741449167992824,-2.0830187609980713
MNE,Montenegro,-0.6451929129597481,-0.3182362392739904,-0.31292323119760285,-0.4441432017108925,0.7810656865648813,0.6694617303650032,-1.757312311120974,-0.12458073788989006,-0.9404918740495306,-0.9037394927778922,-0.6420994656399004,0.9931885978041157,0.23722991679994043,0.48028159704011236,0.7955563872543793,0.2776806431463993,-0.28160243742223406,0.8946505878770058,0.016544948570503704,-0.12531896888727356,0.3414253642643136,0.28643664626510545,1.4145559824706762,-0.21183678752964274
MAR,Morocco,-1.1664461527643541,2.2689250314329175,2.2900083709164667,1.1509366455647467,-0.016791237832775786,1.8641469830829827,2.207485126172656,1.5006102511766128,1.0431548063276728,1.1339996969691428,1.19374514673976,-1.1110901414037073,-3.010838055564632,-2.737481336524446,0.6475099941128275,-0.9198946044490522,-0.776772122156677,-0.5117759598104178,-0.5492254683974411,-0.23927100459804182,2.641172019189722,2.7345088573115497,NaN,0.7737572231718608
MKD,North Macedonia,-0.8641858875102456,-0.46053822584035964,-0.6191285791412051,-0.7432734867741336,0.31242750818075365,0.6806510876822027,-1.6877526128616307,-1.6541639949116658,-1.1418112724217298,0.5944548132660302,NaN,NaN,-0.06738079505207596,0.054993300824979996,0.6282000294976768,1.7502646608908778,NaN,NaN,NaN,NaN,4.155339430762879,4.108538286388102,1.320373940507043,NaN
PAN,Panama,-0.5361127621380175,0.9533868377964471,0.8156444353124116,1.5254512447396547,0.07199309501710441,0.943705525165867,0.7251764980007879,0.525315063530919,0.9641148086314323,0.6241028133104481,0.37651908732540706,-0.859185923982875,-1.3698660479616662,-1.1660050923512317,-0.045541876049869215,-0.7086888533152867,0.37373059248556073,0.4396794540155652,1.2493797448824355,0.7043066683902683,1.630699142384195,1.6699340980619046,1.3984276415870769,-0.5333433884331595
PER,Peru,-0.9457878323997846,0.5243505866264123,0.5194417367003108,-0.5408064356710675,-0.6051593152889893,1.2168364022277964,0.9897406219528956,-0.45907012701690403,0.6009050708968633,0.2647291393451098,-0.7286057074618185,0.27113187501393254,-1.4947241917848686,-0.36828482157532816,0.7402957624891371,0.06458843574761239,0.6847666887400204,0.8120197866015146,0.8396690802343811,0.7943204797305017,-0.05656709240155253,-0.12709701061681272,1.2187283999886598,1.4544966224032625
PHL,Philippines,-1.0694397590946472,2.4566109478805953,2.437708496791207,2.7970001984360673,0.4961794908563323,1.287045030101588,-0.5123287465280315,0.5393632631452454,-0.4458609305376412,-0.21578298989009626,4.662757288966729,-1.134105353487003,-2.1350769190812184,-0.7990409666112888,0.675827457395027,0.6438097532117655,1.1231395086352056,1.4670714350153222,1.0308279939131828,1.176574263548497,-0.10161908319792937,-0.0966226713131601,0.7148066893176863,2.429252296805325
QAT,Qatar,3.6630567080450946,-0.6827980018248072,-0.6730623058361687,0.5887983763989483,-0.20122941324334642,-2.5776964972069107,-1.3126927944532045,-2.2846279330779287,-1.6700313568380176,0.7045491121133047,0.762372531203127,-0.5925350180999535,1.0933548442956982,1.2330596669290383,0.5334459957121928,-0.23830384142695052,0.4824032484584903,0.1132396928785147,-0.028269919807871975,0.8372771684620153,0.30234137414615364,0.20854174661025576,-0.383178412364031,0.6083080985908885
ROU,Romania,-0.3708271900913493,0.36384332402736763,0.3553858587481524,-0.09220259350801822,-0.3204585701503174,0.5368819376304592,-0.8736952420771723,0.5515208271907266,-0.7403861670111245,0.07969458543197251,0.840239754818083,0.7598279671215551,-0.3066000798257134,0.01158119622183991,0.2518268764431845,0.37494414945143295,-0.38541400592340036,0.6468148699235069,0.6547994044024409,0.2398954590269681,0.1729577386014186,0.2436624506723536,0.45688049945268633,-1.1348045249786012
RUS,Russia,-0.4145425177107452,0.2843791003668128,0.28238146906149925,-0.7230153937448867,-0.46265939202843887,0.6017971629822221,0.20592621485697066,1.7573732370137616,1.203566594860809,-1.7744389219554482,1.01035185946307,1.0263505151623178,0.8751728047082301,1.6518811660410637,-0.6552567478927381,-0.2989617944349514,0.4540536332441113,1.0476720471006862,-0.7299265773430734,0.08088407924032243,-0.3506434791021072,-0.2273733289803052,-0.8980963440612679,-0.3081800837617406
SAU,Saudi Arabia,0.8082376462717852,-0.6893366499663117,-0.662238623804855,1.6002042482461736,-1.6694085405898014,0.7608165931694257,1.6392440182879238,-1.9320566332911149,-0.8393585612868485,1.481745545486525,-0.2521164064314036,0.39015787484737396,-0.6799043488266212,-1.1802856665025847,0.6640273323030674,-0.8193530343600993,-0.6039334514056589,0.7297166608647637,0.54690244403899535,1.4219972685660216,0.36993869504970345,0.29452829306829237,-0.195664393700799,-0.38912920661026185
SRB,Serbia,-0.8279646160541747,-0.2683946502024348,-0.2632130794109929,0.2534294656903911,0.7681427762905697,0.3639903202776971,-1.7141615505852354,0.6213016506917127,-0.9136054755127624,-1.4348927545919803,-0.7471460833506692,-0.3637217056981578,0.10290769255022708,-0.025762342776545696,-0.31618208955210597,-0.6209136934823158,0.44367153760229483,0.39200530609488266,-0.4598302829602225,-0.4427340963394886,0.25840613468382695,0.38715925513461374,0.6223081108557125,-8.919181264040395e-4
SGP,Singapore,2.4248720952823963,-0.47229527387007403,-0.46511329570391685,0.9961313689307665,1.629830543738093,-2.7031922437392746,-1.5781098894019039,-1.3318682612460186,-0.0726966578014209,0.06880828454317073,0.6802641970550228,-0.1632037385460219,0.841986182836856,0.6057444481929176,2.1444775083363092,0.8116142266462747,1.4137796690852726,0.1257102334855891,0.8733414630716132,0.3482957157753866,-0.8488075946281503,-0.9335716125257413,NaN,0.6552246842758125
THA,Thailand,-0.7588527647701774,0.8035026481498145,0.795207259713637,0.9243271515827867,1.403599544313783,0.554641240765018,0.2754132090763558,-0.9230012758098888,-1.6434038273059293,-0.861706817779074,0.2059010338472298,0.5947114164996311,-1.41095612700622,-1.4186786919199756,0.5368231658657717,0.8087117702827963,0.1977337681254082,1.1922365045492511,1.1414270732715106,0.6356715701535892,-0.5999184179392941,-0.5991288528353431,1.0905157542966721,2.289909891038593
UKR,Ukraine,-1.1410496290997527,-0.5388089659109123,-0.5227101549806064,NaN,0.47080513355146725,1.490964768837093,-0.15220274544069168,0.6672578591155969,-0.7333956947738312,-1.6349248576424134,-0.4777867194460838,1.228423803598757,0.21336171989976238,0.6345747382653921,-1.0854139451144555,0.1664333966545691,-0.031244787606318547,-0.1319136977433821,-0.9793537105503926,NaN,0.28373879520697587,0.2617934460629552,0.9791162922151146,-1.2999607120439878
ARE,United Arab Emirates,1.6242570951671749,-0.10187861057095532,-0.12264257402891245,0.27687703192389135,-0.033446264171299867,-0.99040129132975,0.23945204776632745,-0.8017562292990402,0.038014903219568914,0.5120597107999005,0.705806496701854,0.50136166940581,0.9880674512596854,1.2266077261704382,0.6877391510447217,0.5357725549692299,1.238486677675055,1.1571850570319884,0.9134469514032943,0.8197105169216253,-0.21892610838471552,-0.17768625622715553,-0.313799531211383,1.0382538879105123
URY,Uruguay,-0.6031429311544245,-0.14505871536421866,-0.14184661369203067,-0.023366124274168475,-0.8860560420327004,0.05642572914919048,1.094549959727522,0.43403010137699827,1.532792047559357,1.262047881800257,-0.05208826703628503,-0.8131435325401662,-1.2706821948595244,-1.545766480562976,-1.1390547702295235,-1.1872789766074363,-1.3680242205271331,-0.7814909182341665,0.005843535410029948,0.41393220489462934,0.9226431551084403,0.8730669098486931,0.42069518800985617,-1.9802611993951114
VNM,Viet Nam,-1.2280639478850264,0.7854687267143047,0.7994157762742361,2.113364548366975,-0.051686651511808505,0.3436047116319969,-0.033916803115521206,-0.9027506918533569,-0.42468283509204097,-2.0682591595728432,-0.02853568165516868,1.6021988923265482,-2.460099469593454,-3.1264362759827145,-1.421322641551944,-0.4279901272010245,0.20840904120203751,1.0713605114397187,0.9989951623123369,0.8209956213340052,-0.924772425899782,-0.9274834297131527,NaN,-2.3035405081734144
